Datetime,Source,Generation_MW
2024-08-01 00:00:00,solar,0.0
2024-08-01 00:00:00,wind,15.18
2024-08-01 00:00:00,hydropower,14.28
2024-08-01 00:00:00,fossil_fuel,95.31
2024-08-01 00:00:00,nuclear,78.98
2024-08-01 00:00:00,rooftop_solar,0.0
2024-08-01 00:00:00,microgrid,2.46
2024-08-01 00:00:00,community_energy,3.54
2024-08-01 01:00:00,solar,0.0
2024-08-01 01:00:00,wind,15.09
2024-08-01 01:00:00,hydropower,16.42
2024-08-01 01:00:00,fossil_fuel,98.08
2024-08-01 01:00:00,nuclear,80.73
2024-08-01 01:00:00,rooftop_solar,0.0
2024-08-01 01:00:00,microgrid,1.32
2024-08-01 01:00:00,community_energy,3.29
2024-08-01 02:00:00,solar,0.0
2024-08-01 02:00:00,wind,12.76
2024-08-01 02:00:00,hydropower,15.75
2024-08-01 02:00:00,fossil_fuel,101.59
2024-08-01 02:00:00,nuclear,79.85
2024-08-01 02:00:00,rooftop_solar,0.0
2024-08-01 02:00:00,microgrid,1.75
2024-08-01 02:00:00,community_energy,3.34
2024-08-01 03:00:00,solar,0.0
2024-08-01 03:00:00,wind,14.7
2024-08-01 03:00:00,hydropower,14.36
2024-08-01 03:00:00,fossil_fuel,95.11
2024-08-01 03:00:00,nuclear,79.07
2024-08-01 03:00:00,rooftop_solar,0.0
2024-08-01 03:00:00,microgrid,1.3
2024-08-01 03:00:00,community_energy,3.29
2024-08-01 04:00:00,solar,0.0
2024-08-01 04:00:00,wind,16.4
2024-08-01 04:00:00,hydropower,16.37
2024-08-01 04:00:00,fossil_fuel,103.9
2024-08-01 04:00:00,nuclear,79.38
2024-08-01 04:00:00,rooftop_solar,0.0
2024-08-01 04:00:00,microgrid,1.41
2024-08-01 04:00:00,community_energy,2.51
2024-08-01 05:00:00,solar,0.0
2024-08-01 05:00:00,wind,16.79
2024-08-01 05:00:00,hydropower,14.36
2024-08-01 05:00:00,fossil_fuel,96.4
2024-08-01 05:00:00,nuclear,78.46
2024-08-01 05:00:00,rooftop_solar,0.0
2024-08-01 05:00:00,microgrid,1.42
2024-08-01 05:00:00,community_energy,2.27
2024-08-01 06:00:00,solar,8.24
2024-08-01 06:00:00,wind,21.5
2024-08-01 06:00:00,hydropower,15.6
2024-08-01 06:00:00,fossil_fuel,101.28
2024-08-01 06:00:00,nuclear,79.52
2024-08-01 06:00:00,rooftop_solar,5.18
2024-08-01 06:00:00,microgrid,2.36
2024-08-01 06:00:00,community_energy,3.27
2024-08-01 07:00:00,solar,5.87
2024-08-01 07:00:00,wind,22.85
2024-08-01 07:00:00,hydropower,14.72
2024-08-01 07:00:00,fossil_fuel,95.46
2024-08-01 07:00:00,nuclear,78.8
2024-08-01 07:00:00,rooftop_solar,1.91
2024-08-01 07:00:00,microgrid,2.78
2024-08-01 07:00:00,community_energy,3.06
2024-08-01 08:00:00,solar,5.4
2024-08-01 08:00:00,wind,17.51
2024-08-01 08:00:00,hydropower,14.73
2024-08-01 08:00:00,fossil_fuel,101.28
2024-08-01 08:00:00,nuclear,80.13
2024-08-01 08:00:00,rooftop_solar,1.79
2024-08-01 08:00:00,microgrid,1.38
2024-08-01 08:00:00,community_energy,3.44
2024-08-01 09:00:00,solar,5.01
2024-08-01 09:00:00,wind,15.31
2024-08-01 09:00:00,hydropower,15.08
2024-08-01 09:00:00,fossil_fuel,102.86
2024-08-01 09:00:00,nuclear,81.1
2024-08-01 09:00:00,rooftop_solar,2.28
2024-08-01 09:00:00,microgrid,2.47
2024-08-01 09:00:00,community_energy,2.98
2024-08-01 10:00:00,solar,5.64
2024-08-01 10:00:00,wind,15.26
2024-08-01 10:00:00,hydropower,15.39
2024-08-01 10:00:00,fossil_fuel,97.3
2024-08-01 10:00:00,nuclear,80.35
2024-08-01 10:00:00,rooftop_solar,2.2
2024-08-01 10:00:00,microgrid,1.97
2024-08-01 10:00:00,community_energy,2.83
2024-08-01 11:00:00,solar,11.03
2024-08-01 11:00:00,wind,25.91
2024-08-01 11:00:00,hydropower,15.09
2024-08-01 11:00:00,fossil_fuel,104.28
2024-08-01 11:00:00,nuclear,79.25
2024-08-01 11:00:00,rooftop_solar,3.94
2024-08-01 11:00:00,microgrid,1.95
2024-08-01 11:00:00,community_energy,2.75
2024-08-01 12:00:00,solar,4.75
2024-08-01 12:00:00,wind,21.66
2024-08-01 12:00:00,hydropower,16.47
2024-08-01 12:00:00,fossil_fuel,101.07
2024-08-01 12:00:00,nuclear,80.37
2024-08-01 12:00:00,rooftop_solar,2.99
2024-08-01 12:00:00,microgrid,2.29
2024-08-01 12:00:00,community_energy,2.6
2024-08-01 13:00:00,solar,5.14
2024-08-01 13:00:00,wind,25.71
2024-08-01 13:00:00,hydropower,15.84
2024-08-01 13:00:00,fossil_fuel,95.49
2024-08-01 13:00:00,nuclear,79.47
2024-08-01 13:00:00,rooftop_solar,1.77
2024-08-01 13:00:00,microgrid,2.65
2024-08-01 13:00:00,community_energy,2.77
2024-08-01 14:00:00,solar,8.11
2024-08-01 14:00:00,wind,15.39
2024-08-01 14:00:00,hydropower,14.25
2024-08-01 14:00:00,fossil_fuel,97.18
2024-08-01 14:00:00,nuclear,81.35
2024-08-01 14:00:00,rooftop_solar,4.44
2024-08-01 14:00:00,microgrid,2.57
2024-08-01 14:00:00,community_energy,3.53
2024-08-01 15:00:00,solar,11.78
2024-08-01 15:00:00,wind,11.96
2024-08-01 15:00:00,hydropower,15.62
2024-08-01 15:00:00,fossil_fuel,97.89
2024-08-01 15:00:00,nuclear,78.64
2024-08-01 15:00:00,rooftop_solar,3.6
2024-08-01 15:00:00,microgrid,2.49
2024-08-01 15:00:00,community_energy,3.11
2024-08-01 16:00:00,solar,6.0
2024-08-01 16:00:00,wind,12.76
2024-08-01 16:00:00,hydropower,16.39
2024-08-01 16:00:00,fossil_fuel,103.59
2024-08-01 16:00:00,nuclear,81.47
2024-08-01 16:00:00,rooftop_solar,2.96
2024-08-01 16:00:00,microgrid,2.66
2024-08-01 16:00:00,community_energy,3.14
2024-08-01 17:00:00,solar,4.72
2024-08-01 17:00:00,wind,22.82
2024-08-01 17:00:00,hydropower,16.26
2024-08-01 17:00:00,fossil_fuel,103.2
2024-08-01 17:00:00,nuclear,79.15
2024-08-01 17:00:00,rooftop_solar,2.7
2024-08-01 17:00:00,microgrid,2.18
2024-08-01 17:00:00,community_energy,3.26
2024-08-01 18:00:00,solar,4.42
2024-08-01 18:00:00,wind,22.17
2024-08-01 18:00:00,hydropower,16.22
2024-08-01 18:00:00,fossil_fuel,103.06
2024-08-01 18:00:00,nuclear,80.85
2024-08-01 18:00:00,rooftop_solar,2.33
2024-08-01 18:00:00,microgrid,1.71
2024-08-01 18:00:00,community_energy,3.16
2024-08-01 19:00:00,solar,0.0
2024-08-01 19:00:00,wind,23.05
2024-08-01 19:00:00,hydropower,13.9
2024-08-01 19:00:00,fossil_fuel,96.22
2024-08-01 19:00:00,nuclear,80.22
2024-08-01 19:00:00,rooftop_solar,0.0
2024-08-01 19:00:00,microgrid,2.34
2024-08-01 19:00:00,community_energy,3.41
2024-08-01 20:00:00,solar,0.0
2024-08-01 20:00:00,wind,14.11
2024-08-01 20:00:00,hydropower,15.57
2024-08-01 20:00:00,fossil_fuel,95.29
2024-08-01 20:00:00,nuclear,80.15
2024-08-01 20:00:00,rooftop_solar,0.0
2024-08-01 20:00:00,microgrid,1.92
2024-08-01 20:00:00,community_energy,2.58
2024-08-01 21:00:00,solar,0.0
2024-08-01 21:00:00,wind,20.83
2024-08-01 21:00:00,hydropower,15.85
2024-08-01 21:00:00,fossil_fuel,95.19
2024-08-01 21:00:00,nuclear,80.09
2024-08-01 21:00:00,rooftop_solar,0.0
2024-08-01 21:00:00,microgrid,1.26
2024-08-01 21:00:00,community_energy,2.39
2024-08-01 22:00:00,solar,0.0
2024-08-01 22:00:00,wind,17.65
2024-08-01 22:00:00,hydropower,15.23
2024-08-01 22:00:00,fossil_fuel,96.6
2024-08-01 22:00:00,nuclear,80.35
2024-08-01 22:00:00,rooftop_solar,0.0
2024-08-01 22:00:00,microgrid,1.31
2024-08-01 22:00:00,community_energy,2.95
2024-08-01 23:00:00,solar,0.0
2024-08-01 23:00:00,wind,21.28
2024-08-01 23:00:00,hydropower,16.19
2024-08-01 23:00:00,fossil_fuel,101.94
2024-08-01 23:00:00,nuclear,79.19
2024-08-01 23:00:00,rooftop_solar,0.0
2024-08-01 23:00:00,microgrid,2.51
2024-08-01 23:00:00,community_energy,3.22
2024-08-02 00:00:00,solar,0.0
2024-08-02 00:00:00,wind,14.18
2024-08-02 00:00:00,hydropower,15.49
2024-08-02 00:00:00,fossil_fuel,99.07
2024-08-02 00:00:00,nuclear,80.34
2024-08-02 00:00:00,rooftop_solar,0.0
2024-08-02 00:00:00,microgrid,2.67
2024-08-02 00:00:00,community_energy,3.27
2024-08-02 01:00:00,solar,0.0
2024-08-02 01:00:00,wind,10.73
2024-08-02 01:00:00,hydropower,14.13
2024-08-02 01:00:00,fossil_fuel,103.48
2024-08-02 01:00:00,nuclear,79.02
2024-08-02 01:00:00,rooftop_solar,0.0
2024-08-02 01:00:00,microgrid,1.83
2024-08-02 01:00:00,community_energy,2.65
2024-08-02 02:00:00,solar,0.0
2024-08-02 02:00:00,wind,10.93
2024-08-02 02:00:00,hydropower,13.86
2024-08-02 02:00:00,fossil_fuel,97.33
2024-08-02 02:00:00,nuclear,79.34
2024-08-02 02:00:00,rooftop_solar,0.0
2024-08-02 02:00:00,microgrid,2.55
2024-08-02 02:00:00,community_energy,3.4
2024-08-02 03:00:00,solar,0.0
2024-08-02 03:00:00,wind,19.42
2024-08-02 03:00:00,hydropower,14.65
2024-08-02 03:00:00,fossil_fuel,95.79
2024-08-02 03:00:00,nuclear,78.66
2024-08-02 03:00:00,rooftop_solar,0.0
2024-08-02 03:00:00,microgrid,2.74
2024-08-02 03:00:00,community_energy,2.86
2024-08-02 04:00:00,solar,0.0
2024-08-02 04:00:00,wind,18.3
2024-08-02 04:00:00,hydropower,15.18
2024-08-02 04:00:00,fossil_fuel,101.86
2024-08-02 04:00:00,nuclear,78.69
2024-08-02 04:00:00,rooftop_solar,0.0
2024-08-02 04:00:00,microgrid,1.28
2024-08-02 04:00:00,community_energy,3.52
2024-08-02 05:00:00,solar,0.0
2024-08-02 05:00:00,wind,14.25
2024-08-02 05:00:00,hydropower,13.81
2024-08-02 05:00:00,fossil_fuel,96.72
2024-08-02 05:00:00,nuclear,80.03
2024-08-02 05:00:00,rooftop_solar,0.0
2024-08-02 05:00:00,microgrid,2.59
2024-08-02 05:00:00,community_energy,2.3
2024-08-02 06:00:00,solar,9.29
2024-08-02 06:00:00,wind,24.31
2024-08-02 06:00:00,hydropower,14.27
2024-08-02 06:00:00,fossil_fuel,102.3
2024-08-02 06:00:00,nuclear,79.77
2024-08-02 06:00:00,rooftop_solar,5.35
2024-08-02 06:00:00,microgrid,2.67
2024-08-02 06:00:00,community_energy,2.62
2024-08-02 07:00:00,solar,4.01
2024-08-02 07:00:00,wind,20.49
2024-08-02 07:00:00,hydropower,15.74
2024-08-02 07:00:00,fossil_fuel,100.79
2024-08-02 07:00:00,nuclear,79.03
2024-08-02 07:00:00,rooftop_solar,2.97
2024-08-02 07:00:00,microgrid,2.0
2024-08-02 07:00:00,community_energy,2.79
2024-08-02 08:00:00,solar,9.86
2024-08-02 08:00:00,wind,22.38
2024-08-02 08:00:00,hydropower,16.24
2024-08-02 08:00:00,fossil_fuel,96.34
2024-08-02 08:00:00,nuclear,79.1
2024-08-02 08:00:00,rooftop_solar,5.18
2024-08-02 08:00:00,microgrid,1.77
2024-08-02 08:00:00,community_energy,2.34
2024-08-02 09:00:00,solar,8.93
2024-08-02 09:00:00,wind,18.0
2024-08-02 09:00:00,hydropower,14.11
2024-08-02 09:00:00,fossil_fuel,100.9
2024-08-02 09:00:00,nuclear,79.82
2024-08-02 09:00:00,rooftop_solar,4.52
2024-08-02 09:00:00,microgrid,1.42
2024-08-02 09:00:00,community_energy,2.29
2024-08-02 10:00:00,solar,11.82
2024-08-02 10:00:00,wind,25.73
2024-08-02 10:00:00,hydropower,15.79
2024-08-02 10:00:00,fossil_fuel,97.79
2024-08-02 10:00:00,nuclear,80.68
2024-08-02 10:00:00,rooftop_solar,5.45
2024-08-02 10:00:00,microgrid,1.46
2024-08-02 10:00:00,community_energy,3.57
2024-08-02 11:00:00,solar,5.05
2024-08-02 11:00:00,wind,13.25
2024-08-02 11:00:00,hydropower,15.22
2024-08-02 11:00:00,fossil_fuel,95.25
2024-08-02 11:00:00,nuclear,78.73
2024-08-02 11:00:00,rooftop_solar,1.99
2024-08-02 11:00:00,microgrid,2.21
2024-08-02 11:00:00,community_energy,2.41
2024-08-02 12:00:00,solar,10.72
2024-08-02 12:00:00,wind,25.72
2024-08-02 12:00:00,hydropower,15.86
2024-08-02 12:00:00,fossil_fuel,98.87
2024-08-02 12:00:00,nuclear,78.51
2024-08-02 12:00:00,rooftop_solar,4.59
2024-08-02 12:00:00,microgrid,1.67
2024-08-02 12:00:00,community_energy,2.31
2024-08-02 13:00:00,solar,5.05
2024-08-02 13:00:00,wind,17.75
2024-08-02 13:00:00,hydropower,14.45
2024-08-02 13:00:00,fossil_fuel,97.42
2024-08-02 13:00:00,nuclear,78.45
2024-08-02 13:00:00,rooftop_solar,2.95
2024-08-02 13:00:00,microgrid,2.67
2024-08-02 13:00:00,community_energy,3.43
2024-08-02 14:00:00,solar,4.8
2024-08-02 14:00:00,wind,25.83
2024-08-02 14:00:00,hydropower,14.11
2024-08-02 14:00:00,fossil_fuel,102.51
2024-08-02 14:00:00,nuclear,81.05
2024-08-02 14:00:00,rooftop_solar,1.97
2024-08-02 14:00:00,microgrid,1.92
2024-08-02 14:00:00,community_energy,3.7
2024-08-02 15:00:00,solar,11.91
2024-08-02 15:00:00,wind,15.34
2024-08-02 15:00:00,hydropower,15.62
2024-08-02 15:00:00,fossil_fuel,100.31
2024-08-02 15:00:00,nuclear,80.2
2024-08-02 15:00:00,rooftop_solar,4.77
2024-08-02 15:00:00,microgrid,2.3
2024-08-02 15:00:00,community_energy,3.19
2024-08-02 16:00:00,solar,5.17
2024-08-02 16:00:00,wind,24.09
2024-08-02 16:00:00,hydropower,15.41
2024-08-02 16:00:00,fossil_fuel,104.92
2024-08-02 16:00:00,nuclear,80.2
2024-08-02 16:00:00,rooftop_solar,2.86
2024-08-02 16:00:00,microgrid,1.98
2024-08-02 16:00:00,community_energy,3.25
2024-08-02 17:00:00,solar,4.33
2024-08-02 17:00:00,wind,16.92
2024-08-02 17:00:00,hydropower,14.85
2024-08-02 17:00:00,fossil_fuel,102.92
2024-08-02 17:00:00,nuclear,81.15
2024-08-02 17:00:00,rooftop_solar,2.05
2024-08-02 17:00:00,microgrid,2.04
2024-08-02 17:00:00,community_energy,2.61
2024-08-02 18:00:00,solar,8.69
2024-08-02 18:00:00,wind,14.09
2024-08-02 18:00:00,hydropower,15.85
2024-08-02 18:00:00,fossil_fuel,99.04
2024-08-02 18:00:00,nuclear,80.57
2024-08-02 18:00:00,rooftop_solar,5.66
2024-08-02 18:00:00,microgrid,1.84
2024-08-02 18:00:00,community_energy,3.29
2024-08-02 19:00:00,solar,0.0
2024-08-02 19:00:00,wind,23.3
2024-08-02 19:00:00,hydropower,16.49
2024-08-02 19:00:00,fossil_fuel,97.1
2024-08-02 19:00:00,nuclear,78.65
2024-08-02 19:00:00,rooftop_solar,0.0
2024-08-02 19:00:00,microgrid,1.81
2024-08-02 19:00:00,community_energy,3.32
2024-08-02 20:00:00,solar,0.0
2024-08-02 20:00:00,wind,24.95
2024-08-02 20:00:00,hydropower,13.79
2024-08-02 20:00:00,fossil_fuel,98.73
2024-08-02 20:00:00,nuclear,81.46
2024-08-02 20:00:00,rooftop_solar,0.0
2024-08-02 20:00:00,microgrid,1.37
2024-08-02 20:00:00,community_energy,2.93
2024-08-02 21:00:00,solar,0.0
2024-08-02 21:00:00,wind,13.74
2024-08-02 21:00:00,hydropower,14.55
2024-08-02 21:00:00,fossil_fuel,102.0
2024-08-02 21:00:00,nuclear,79.25
2024-08-02 21:00:00,rooftop_solar,0.0
2024-08-02 21:00:00,microgrid,2.35
2024-08-02 21:00:00,community_energy,2.52
2024-08-02 22:00:00,solar,0.0
2024-08-02 22:00:00,wind,14.58
2024-08-02 22:00:00,hydropower,15.98
2024-08-02 22:00:00,fossil_fuel,103.48
2024-08-02 22:00:00,nuclear,79.81
2024-08-02 22:00:00,rooftop_solar,0.0
2024-08-02 22:00:00,microgrid,1.46
2024-08-02 22:00:00,community_energy,3.59
2024-08-02 23:00:00,solar,0.0
2024-08-02 23:00:00,wind,11.45
2024-08-02 23:00:00,hydropower,14.14
2024-08-02 23:00:00,fossil_fuel,101.92
2024-08-02 23:00:00,nuclear,79.18
2024-08-02 23:00:00,rooftop_solar,0.0
2024-08-02 23:00:00,microgrid,1.35
2024-08-02 23:00:00,community_energy,3.18
2024-08-03 00:00:00,solar,0.0
2024-08-03 00:00:00,wind,23.61
2024-08-03 00:00:00,hydropower,15.6
2024-08-03 00:00:00,fossil_fuel,97.49
2024-08-03 00:00:00,nuclear,79.08
2024-08-03 00:00:00,rooftop_solar,0.0
2024-08-03 00:00:00,microgrid,2.49
2024-08-03 00:00:00,community_energy,2.98
2024-08-03 01:00:00,solar,0.0
2024-08-03 01:00:00,wind,13.77
2024-08-03 01:00:00,hydropower,16.07
2024-08-03 01:00:00,fossil_fuel,104.75
2024-08-03 01:00:00,nuclear,81.34
2024-08-03 01:00:00,rooftop_solar,0.0
2024-08-03 01:00:00,microgrid,1.95
2024-08-03 01:00:00,community_energy,2.52
2024-08-03 02:00:00,solar,0.0
2024-08-03 02:00:00,wind,14.32
2024-08-03 02:00:00,hydropower,15.36
2024-08-03 02:00:00,fossil_fuel,100.78
2024-08-03 02:00:00,nuclear,78.85
2024-08-03 02:00:00,rooftop_solar,0.0
2024-08-03 02:00:00,microgrid,1.77
2024-08-03 02:00:00,community_energy,2.44
2024-08-03 03:00:00,solar,0.0
2024-08-03 03:00:00,wind,17.5
2024-08-03 03:00:00,hydropower,15.82
2024-08-03 03:00:00,fossil_fuel,99.62
2024-08-03 03:00:00,nuclear,81.14
2024-08-03 03:00:00,rooftop_solar,0.0
2024-08-03 03:00:00,microgrid,2.12
2024-08-03 03:00:00,community_energy,3.04
2024-08-03 04:00:00,solar,0.0
2024-08-03 04:00:00,wind,25.41
2024-08-03 04:00:00,hydropower,14.75
2024-08-03 04:00:00,fossil_fuel,98.03
2024-08-03 04:00:00,nuclear,78.74
2024-08-03 04:00:00,rooftop_solar,0.0
2024-08-03 04:00:00,microgrid,2.68
2024-08-03 04:00:00,community_energy,2.81
2024-08-03 05:00:00,solar,0.0
2024-08-03 05:00:00,wind,16.2
2024-08-03 05:00:00,hydropower,14.43
2024-08-03 05:00:00,fossil_fuel,102.91
2024-08-03 05:00:00,nuclear,80.7
2024-08-03 05:00:00,rooftop_solar,0.0
2024-08-03 05:00:00,microgrid,2.11
2024-08-03 05:00:00,community_energy,2.55
2024-08-03 06:00:00,solar,8.87
2024-08-03 06:00:00,wind,19.42
2024-08-03 06:00:00,hydropower,14.79
2024-08-03 06:00:00,fossil_fuel,104.16
2024-08-03 06:00:00,nuclear,78.6
2024-08-03 06:00:00,rooftop_solar,5.68
2024-08-03 06:00:00,microgrid,2.0
2024-08-03 06:00:00,community_energy,3.12
2024-08-03 07:00:00,solar,4.31
2024-08-03 07:00:00,wind,11.28
2024-08-03 07:00:00,hydropower,14.97
2024-08-03 07:00:00,fossil_fuel,103.45
2024-08-03 07:00:00,nuclear,80.35
2024-08-03 07:00:00,rooftop_solar,1.77
2024-08-03 07:00:00,microgrid,2.1
2024-08-03 07:00:00,community_energy,3.45
2024-08-03 08:00:00,solar,5.65
2024-08-03 08:00:00,wind,18.05
2024-08-03 08:00:00,hydropower,13.92
2024-08-03 08:00:00,fossil_fuel,101.79
2024-08-03 08:00:00,nuclear,79.05
2024-08-03 08:00:00,rooftop_solar,2.45
2024-08-03 08:00:00,microgrid,2.69
2024-08-03 08:00:00,community_energy,2.73
2024-08-03 09:00:00,solar,11.49
2024-08-03 09:00:00,wind,17.52
2024-08-03 09:00:00,hydropower,14.04
2024-08-03 09:00:00,fossil_fuel,103.97
2024-08-03 09:00:00,nuclear,78.62
2024-08-03 09:00:00,rooftop_solar,6.12
2024-08-03 09:00:00,microgrid,2.55
2024-08-03 09:00:00,community_energy,3.5
2024-08-03 10:00:00,solar,5.76
2024-08-03 10:00:00,wind,14.78
2024-08-03 10:00:00,hydropower,16.23
2024-08-03 10:00:00,fossil_fuel,100.31
2024-08-03 10:00:00,nuclear,79.32
2024-08-03 10:00:00,rooftop_solar,2.6
2024-08-03 10:00:00,microgrid,2.56
2024-08-03 10:00:00,community_energy,3.45
2024-08-03 11:00:00,solar,5.02
2024-08-03 11:00:00,wind,16.04
2024-08-03 11:00:00,hydropower,15.59
2024-08-03 11:00:00,fossil_fuel,96.51
2024-08-03 11:00:00,nuclear,80.44
2024-08-03 11:00:00,rooftop_solar,3.06
2024-08-03 11:00:00,microgrid,1.74
2024-08-03 11:00:00,community_energy,3.3
2024-08-03 12:00:00,solar,8.96
2024-08-03 12:00:00,wind,17.99
2024-08-03 12:00:00,hydropower,14.23
2024-08-03 12:00:00,fossil_fuel,101.3
2024-08-03 12:00:00,nuclear,79.97
2024-08-03 12:00:00,rooftop_solar,6.37
2024-08-03 12:00:00,microgrid,1.83
2024-08-03 12:00:00,community_energy,3.44
2024-08-03 13:00:00,solar,8.25
2024-08-03 13:00:00,wind,17.05
2024-08-03 13:00:00,hydropower,15.52
2024-08-03 13:00:00,fossil_fuel,98.42
2024-08-03 13:00:00,nuclear,81.1
2024-08-03 13:00:00,rooftop_solar,4.68
2024-08-03 13:00:00,microgrid,1.42
2024-08-03 13:00:00,community_energy,3.32
2024-08-03 14:00:00,solar,9.69
2024-08-03 14:00:00,wind,12.82
2024-08-03 14:00:00,hydropower,16.27
2024-08-03 14:00:00,fossil_fuel,103.7
2024-08-03 14:00:00,nuclear,80.39
2024-08-03 14:00:00,rooftop_solar,3.75
2024-08-03 14:00:00,microgrid,1.4
2024-08-03 14:00:00,community_energy,3.17
2024-08-03 15:00:00,solar,11.47
2024-08-03 15:00:00,wind,24.3
2024-08-03 15:00:00,hydropower,16.17
2024-08-03 15:00:00,fossil_fuel,96.03
2024-08-03 15:00:00,nuclear,80.3
2024-08-03 15:00:00,rooftop_solar,5.53
2024-08-03 15:00:00,microgrid,1.61
2024-08-03 15:00:00,community_energy,2.86
2024-08-03 16:00:00,solar,8.11
2024-08-03 16:00:00,wind,19.06
2024-08-03 16:00:00,hydropower,14.98
2024-08-03 16:00:00,fossil_fuel,102.07
2024-08-03 16:00:00,nuclear,81.37
2024-08-03 16:00:00,rooftop_solar,3.87
2024-08-03 16:00:00,microgrid,2.17
2024-08-03 16:00:00,community_energy,3.65
2024-08-03 17:00:00,solar,11.51
2024-08-03 17:00:00,wind,14.81
2024-08-03 17:00:00,hydropower,14.07
2024-08-03 17:00:00,fossil_fuel,100.23
2024-08-03 17:00:00,nuclear,78.41
2024-08-03 17:00:00,rooftop_solar,5.48
2024-08-03 17:00:00,microgrid,2.28
2024-08-03 17:00:00,community_energy,3.64
2024-08-03 18:00:00,solar,4.97
2024-08-03 18:00:00,wind,12.83
2024-08-03 18:00:00,hydropower,15.39
2024-08-03 18:00:00,fossil_fuel,95.91
2024-08-03 18:00:00,nuclear,79.78
2024-08-03 18:00:00,rooftop_solar,2.69
2024-08-03 18:00:00,microgrid,2.43
2024-08-03 18:00:00,community_energy,2.66
2024-08-03 19:00:00,solar,0.0
2024-08-03 19:00:00,wind,19.11
2024-08-03 19:00:00,hydropower,13.99
2024-08-03 19:00:00,fossil_fuel,100.12
2024-08-03 19:00:00,nuclear,80.52
2024-08-03 19:00:00,rooftop_solar,0.0
2024-08-03 19:00:00,microgrid,2.66
2024-08-03 19:00:00,community_energy,2.62
2024-08-03 20:00:00,solar,0.0
2024-08-03 20:00:00,wind,10.07
2024-08-03 20:00:00,hydropower,16.4
2024-08-03 20:00:00,fossil_fuel,103.04
2024-08-03 20:00:00,nuclear,78.64
2024-08-03 20:00:00,rooftop_solar,0.0
2024-08-03 20:00:00,microgrid,1.49
2024-08-03 20:00:00,community_energy,2.61
2024-08-03 21:00:00,solar,0.0
2024-08-03 21:00:00,wind,11.29
2024-08-03 21:00:00,hydropower,15.04
2024-08-03 21:00:00,fossil_fuel,98.39
2024-08-03 21:00:00,nuclear,79.99
2024-08-03 21:00:00,rooftop_solar,0.0
2024-08-03 21:00:00,microgrid,2.64
2024-08-03 21:00:00,community_energy,3.66
2024-08-03 22:00:00,solar,0.0
2024-08-03 22:00:00,wind,18.97
2024-08-03 22:00:00,hydropower,15.81
2024-08-03 22:00:00,fossil_fuel,96.89
2024-08-03 22:00:00,nuclear,80.95
2024-08-03 22:00:00,rooftop_solar,0.0
2024-08-03 22:00:00,microgrid,2.02
2024-08-03 22:00:00,community_energy,2.66
2024-08-03 23:00:00,solar,0.0
2024-08-03 23:00:00,wind,22.03
2024-08-03 23:00:00,hydropower,13.57
2024-08-03 23:00:00,fossil_fuel,99.55
2024-08-03 23:00:00,nuclear,80.82
2024-08-03 23:00:00,rooftop_solar,0.0
2024-08-03 23:00:00,microgrid,2.71
2024-08-03 23:00:00,community_energy,3.07
2024-08-04 00:00:00,solar,0.0
2024-08-04 00:00:00,wind,16.56
2024-08-04 00:00:00,hydropower,15.22
2024-08-04 00:00:00,fossil_fuel,96.83
2024-08-04 00:00:00,nuclear,78.54
2024-08-04 00:00:00,rooftop_solar,0.0
2024-08-04 00:00:00,microgrid,1.36
2024-08-04 00:00:00,community_energy,2.52
2024-08-04 01:00:00,solar,0.0
2024-08-04 01:00:00,wind,20.52
2024-08-04 01:00:00,hydropower,13.86
2024-08-04 01:00:00,fossil_fuel,104.65
2024-08-04 01:00:00,nuclear,81.42
2024-08-04 01:00:00,rooftop_solar,0.0
2024-08-04 01:00:00,microgrid,2.72
2024-08-04 01:00:00,community_energy,3.52
2024-08-04 02:00:00,solar,0.0
2024-08-04 02:00:00,wind,14.74
2024-08-04 02:00:00,hydropower,15.67
2024-08-04 02:00:00,fossil_fuel,96.58
2024-08-04 02:00:00,nuclear,79.2
2024-08-04 02:00:00,rooftop_solar,0.0
2024-08-04 02:00:00,microgrid,1.23
2024-08-04 02:00:00,community_energy,2.96
2024-08-04 03:00:00,solar,0.0
2024-08-04 03:00:00,wind,10.73
2024-08-04 03:00:00,hydropower,14.4
2024-08-04 03:00:00,fossil_fuel,101.57
2024-08-04 03:00:00,nuclear,78.56
2024-08-04 03:00:00,rooftop_solar,0.0
2024-08-04 03:00:00,microgrid,1.86
2024-08-04 03:00:00,community_energy,3.02
2024-08-04 04:00:00,solar,0.0
2024-08-04 04:00:00,wind,17.11
2024-08-04 04:00:00,hydropower,16.08
2024-08-04 04:00:00,fossil_fuel,101.32
2024-08-04 04:00:00,nuclear,80.88
2024-08-04 04:00:00,rooftop_solar,0.0
2024-08-04 04:00:00,microgrid,2.55
2024-08-04 04:00:00,community_energy,3.54
2024-08-04 05:00:00,solar,0.0
2024-08-04 05:00:00,wind,11.75
2024-08-04 05:00:00,hydropower,15.97
2024-08-04 05:00:00,fossil_fuel,96.75
2024-08-04 05:00:00,nuclear,78.64
2024-08-04 05:00:00,rooftop_solar,0.0
2024-08-04 05:00:00,microgrid,2.35
2024-08-04 05:00:00,community_energy,2.83
2024-08-04 06:00:00,solar,8.31
2024-08-04 06:00:00,wind,9.8
2024-08-04 06:00:00,hydropower,13.84
2024-08-04 06:00:00,fossil_fuel,103.66
2024-08-04 06:00:00,nuclear,80.68
2024-08-04 06:00:00,rooftop_solar,5.56
2024-08-04 06:00:00,microgrid,2.6
2024-08-04 06:00:00,community_energy,2.95
2024-08-04 07:00:00,solar,5.09
2024-08-04 07:00:00,wind,10.95
2024-08-04 07:00:00,hydropower,13.71
2024-08-04 07:00:00,fossil_fuel,102.34
2024-08-04 07:00:00,nuclear,78.82
2024-08-04 07:00:00,rooftop_solar,1.88
2024-08-04 07:00:00,microgrid,2.04
2024-08-04 07:00:00,community_energy,2.91
2024-08-04 08:00:00,solar,5.2
2024-08-04 08:00:00,wind,24.1
2024-08-04 08:00:00,hydropower,16.45
2024-08-04 08:00:00,fossil_fuel,98.19
2024-08-04 08:00:00,nuclear,79.43
2024-08-04 08:00:00,rooftop_solar,1.83
2024-08-04 08:00:00,microgrid,1.55
2024-08-04 08:00:00,community_energy,2.7
2024-08-04 09:00:00,solar,5.18
2024-08-04 09:00:00,wind,12.65
2024-08-04 09:00:00,hydropower,13.9
2024-08-04 09:00:00,fossil_fuel,96.79
2024-08-04 09:00:00,nuclear,78.83
2024-08-04 09:00:00,rooftop_solar,2.05
2024-08-04 09:00:00,microgrid,1.81
2024-08-04 09:00:00,community_energy,3.35
2024-08-04 10:00:00,solar,5.91
2024-08-04 10:00:00,wind,15.08
2024-08-04 10:00:00,hydropower,13.76
2024-08-04 10:00:00,fossil_fuel,104.81
2024-08-04 10:00:00,nuclear,79.92
2024-08-04 10:00:00,rooftop_solar,2.92
2024-08-04 10:00:00,microgrid,1.47
2024-08-04 10:00:00,community_energy,3.02
2024-08-04 11:00:00,solar,4.94
2024-08-04 11:00:00,wind,24.56
2024-08-04 11:00:00,hydropower,13.9
2024-08-04 11:00:00,fossil_fuel,100.47
2024-08-04 11:00:00,nuclear,80.68
2024-08-04 11:00:00,rooftop_solar,2.66
2024-08-04 11:00:00,microgrid,1.7
2024-08-04 11:00:00,community_energy,3.31
2024-08-04 12:00:00,solar,5.54
2024-08-04 12:00:00,wind,14.55
2024-08-04 12:00:00,hydropower,15.49
2024-08-04 12:00:00,fossil_fuel,99.94
2024-08-04 12:00:00,nuclear,79.66
2024-08-04 12:00:00,rooftop_solar,2.29
2024-08-04 12:00:00,microgrid,2.03
2024-08-04 12:00:00,community_energy,2.76
2024-08-04 13:00:00,solar,4.36
2024-08-04 13:00:00,wind,14.45
2024-08-04 13:00:00,hydropower,14.89
2024-08-04 13:00:00,fossil_fuel,100.53
2024-08-04 13:00:00,nuclear,81.2
2024-08-04 13:00:00,rooftop_solar,2.64
2024-08-04 13:00:00,microgrid,2.39
2024-08-04 13:00:00,community_energy,2.26
2024-08-04 14:00:00,solar,5.7
2024-08-04 14:00:00,wind,16.81
2024-08-04 14:00:00,hydropower,13.59
2024-08-04 14:00:00,fossil_fuel,99.18
2024-08-04 14:00:00,nuclear,80.59
2024-08-04 14:00:00,rooftop_solar,1.97
2024-08-04 14:00:00,microgrid,1.75
2024-08-04 14:00:00,community_energy,3.56
2024-08-04 15:00:00,solar,4.27
2024-08-04 15:00:00,wind,14.27
2024-08-04 15:00:00,hydropower,15.61
2024-08-04 15:00:00,fossil_fuel,97.11
2024-08-04 15:00:00,nuclear,80.85
2024-08-04 15:00:00,rooftop_solar,2.91
2024-08-04 15:00:00,microgrid,2.79
2024-08-04 15:00:00,community_energy,3.44
2024-08-04 16:00:00,solar,4.29
2024-08-04 16:00:00,wind,22.19
2024-08-04 16:00:00,hydropower,15.87
2024-08-04 16:00:00,fossil_fuel,102.64
2024-08-04 16:00:00,nuclear,78.98
2024-08-04 16:00:00,rooftop_solar,3.06
2024-08-04 16:00:00,microgrid,1.37
2024-08-04 16:00:00,community_energy,2.5
2024-08-04 17:00:00,solar,8.61
2024-08-04 17:00:00,wind,16.38
2024-08-04 17:00:00,hydropower,16.0
2024-08-04 17:00:00,fossil_fuel,103.94
2024-08-04 17:00:00,nuclear,80.0
2024-08-04 17:00:00,rooftop_solar,5.8
2024-08-04 17:00:00,microgrid,2.78
2024-08-04 17:00:00,community_energy,2.69
2024-08-04 18:00:00,solar,4.39
2024-08-04 18:00:00,wind,25.59
2024-08-04 18:00:00,hydropower,15.4
2024-08-04 18:00:00,fossil_fuel,95.96
2024-08-04 18:00:00,nuclear,78.64
2024-08-04 18:00:00,rooftop_solar,2.69
2024-08-04 18:00:00,microgrid,1.47
2024-08-04 18:00:00,community_energy,2.83
2024-08-04 19:00:00,solar,0.0
2024-08-04 19:00:00,wind,13.92
2024-08-04 19:00:00,hydropower,14.1
2024-08-04 19:00:00,fossil_fuel,95.8
2024-08-04 19:00:00,nuclear,79.12
2024-08-04 19:00:00,rooftop_solar,0.0
2024-08-04 19:00:00,microgrid,1.82
2024-08-04 19:00:00,community_energy,2.86
2024-08-04 20:00:00,solar,0.0
2024-08-04 20:00:00,wind,22.41
2024-08-04 20:00:00,hydropower,14.17
2024-08-04 20:00:00,fossil_fuel,97.38
2024-08-04 20:00:00,nuclear,80.26
2024-08-04 20:00:00,rooftop_solar,0.0
2024-08-04 20:00:00,microgrid,1.62
2024-08-04 20:00:00,community_energy,2.9
2024-08-04 21:00:00,solar,0.0
2024-08-04 21:00:00,wind,14.72
2024-08-04 21:00:00,hydropower,14.72
2024-08-04 21:00:00,fossil_fuel,102.03
2024-08-04 21:00:00,nuclear,80.73
2024-08-04 21:00:00,rooftop_solar,0.0
2024-08-04 21:00:00,microgrid,2.73
2024-08-04 21:00:00,community_energy,3.72
2024-08-04 22:00:00,solar,0.0
2024-08-04 22:00:00,wind,17.99
2024-08-04 22:00:00,hydropower,16.37
2024-08-04 22:00:00,fossil_fuel,97.1
2024-08-04 22:00:00,nuclear,78.41
2024-08-04 22:00:00,rooftop_solar,0.0
2024-08-04 22:00:00,microgrid,1.41
2024-08-04 22:00:00,community_energy,3.02
2024-08-04 23:00:00,solar,0.0
2024-08-04 23:00:00,wind,18.56
2024-08-04 23:00:00,hydropower,14.76
2024-08-04 23:00:00,fossil_fuel,95.26
2024-08-04 23:00:00,nuclear,80.06
2024-08-04 23:00:00,rooftop_solar,0.0
2024-08-04 23:00:00,microgrid,2.5
2024-08-04 23:00:00,community_energy,3.14
2024-08-05 00:00:00,solar,0.0
2024-08-05 00:00:00,wind,13.53
2024-08-05 00:00:00,hydropower,16.44
2024-08-05 00:00:00,fossil_fuel,104.93
2024-08-05 00:00:00,nuclear,79.11
2024-08-05 00:00:00,rooftop_solar,0.0
2024-08-05 00:00:00,microgrid,2.37
2024-08-05 00:00:00,community_energy,3.28
2024-08-05 01:00:00,solar,0.0
2024-08-05 01:00:00,wind,25.07
2024-08-05 01:00:00,hydropower,16.03
2024-08-05 01:00:00,fossil_fuel,97.18
2024-08-05 01:00:00,nuclear,81.2
2024-08-05 01:00:00,rooftop_solar,0.0
2024-08-05 01:00:00,microgrid,2.55
2024-08-05 01:00:00,community_energy,2.45
2024-08-05 02:00:00,solar,0.0
2024-08-05 02:00:00,wind,17.59
2024-08-05 02:00:00,hydropower,15.08
2024-08-05 02:00:00,fossil_fuel,104.72
2024-08-05 02:00:00,nuclear,78.49
2024-08-05 02:00:00,rooftop_solar,0.0
2024-08-05 02:00:00,microgrid,1.65
2024-08-05 02:00:00,community_energy,2.5
2024-08-05 03:00:00,solar,0.0
2024-08-05 03:00:00,wind,12.81
2024-08-05 03:00:00,hydropower,14.87
2024-08-05 03:00:00,fossil_fuel,103.51
2024-08-05 03:00:00,nuclear,80.42
2024-08-05 03:00:00,rooftop_solar,0.0
2024-08-05 03:00:00,microgrid,2.6
2024-08-05 03:00:00,community_energy,2.49
2024-08-05 04:00:00,solar,0.0
2024-08-05 04:00:00,wind,23.33
2024-08-05 04:00:00,hydropower,14.03
2024-08-05 04:00:00,fossil_fuel,101.7
2024-08-05 04:00:00,nuclear,78.48
2024-08-05 04:00:00,rooftop_solar,0.0
2024-08-05 04:00:00,microgrid,2.33
2024-08-05 04:00:00,community_energy,2.67
2024-08-05 05:00:00,solar,0.0
2024-08-05 05:00:00,wind,10.72
2024-08-05 05:00:00,hydropower,15.84
2024-08-05 05:00:00,fossil_fuel,97.92
2024-08-05 05:00:00,nuclear,81.52
2024-08-05 05:00:00,rooftop_solar,0.0
2024-08-05 05:00:00,microgrid,2.32
2024-08-05 05:00:00,community_energy,2.93
2024-08-05 06:00:00,solar,9.59
2024-08-05 06:00:00,wind,19.28
2024-08-05 06:00:00,hydropower,16.1
2024-08-05 06:00:00,fossil_fuel,103.34
2024-08-05 06:00:00,nuclear,80.28
2024-08-05 06:00:00,rooftop_solar,3.57
2024-08-05 06:00:00,microgrid,1.39
2024-08-05 06:00:00,community_energy,3.31
2024-08-05 07:00:00,solar,11.47
2024-08-05 07:00:00,wind,17.21
2024-08-05 07:00:00,hydropower,15.24
2024-08-05 07:00:00,fossil_fuel,101.59
2024-08-05 07:00:00,nuclear,79.73
2024-08-05 07:00:00,rooftop_solar,6.1
2024-08-05 07:00:00,microgrid,1.81
2024-08-05 07:00:00,community_energy,3.55
2024-08-05 08:00:00,solar,5.56
2024-08-05 08:00:00,wind,15.12
2024-08-05 08:00:00,hydropower,14.38
2024-08-05 08:00:00,fossil_fuel,104.09
2024-08-05 08:00:00,nuclear,80.32
2024-08-05 08:00:00,rooftop_solar,1.79
2024-08-05 08:00:00,microgrid,2.3
2024-08-05 08:00:00,community_energy,3.26
2024-08-05 09:00:00,solar,5.53
2024-08-05 09:00:00,wind,11.39
2024-08-05 09:00:00,hydropower,13.77
2024-08-05 09:00:00,fossil_fuel,102.93
2024-08-05 09:00:00,nuclear,79.08
2024-08-05 09:00:00,rooftop_solar,1.8
2024-08-05 09:00:00,microgrid,1.58
2024-08-05 09:00:00,community_energy,3.47
2024-08-05 10:00:00,solar,9.75
2024-08-05 10:00:00,wind,15.51
2024-08-05 10:00:00,hydropower,15.38
2024-08-05 10:00:00,fossil_fuel,96.23
2024-08-05 10:00:00,nuclear,78.93
2024-08-05 10:00:00,rooftop_solar,5.79
2024-08-05 10:00:00,microgrid,2.6
2024-08-05 10:00:00,community_energy,2.85
2024-08-05 11:00:00,solar,5.76
2024-08-05 11:00:00,wind,11.3
2024-08-05 11:00:00,hydropower,14.55
2024-08-05 11:00:00,fossil_fuel,96.9
2024-08-05 11:00:00,nuclear,79.0
2024-08-05 11:00:00,rooftop_solar,2.92
2024-08-05 11:00:00,microgrid,1.77
2024-08-05 11:00:00,community_energy,2.27
2024-08-05 12:00:00,solar,4.32
2024-08-05 12:00:00,wind,15.72
2024-08-05 12:00:00,hydropower,14.76
2024-08-05 12:00:00,fossil_fuel,102.65
2024-08-05 12:00:00,nuclear,81.22
2024-08-05 12:00:00,rooftop_solar,1.88
2024-08-05 12:00:00,microgrid,1.7
2024-08-05 12:00:00,community_energy,3.24
2024-08-05 13:00:00,solar,11.18
2024-08-05 13:00:00,wind,18.45
2024-08-05 13:00:00,hydropower,16.07
2024-08-05 13:00:00,fossil_fuel,99.98
2024-08-05 13:00:00,nuclear,79.72
2024-08-05 13:00:00,rooftop_solar,5.22
2024-08-05 13:00:00,microgrid,2.66
2024-08-05 13:00:00,community_energy,3.18
2024-08-05 14:00:00,solar,5.3
2024-08-05 14:00:00,wind,12.79
2024-08-05 14:00:00,hydropower,14.92
2024-08-05 14:00:00,fossil_fuel,104.51
2024-08-05 14:00:00,nuclear,79.12
2024-08-05 14:00:00,rooftop_solar,2.16
2024-08-05 14:00:00,microgrid,2.58
2024-08-05 14:00:00,community_energy,3.25
2024-08-05 15:00:00,solar,10.29
2024-08-05 15:00:00,wind,10.82
2024-08-05 15:00:00,hydropower,16.43
2024-08-05 15:00:00,fossil_fuel,96.49
2024-08-05 15:00:00,nuclear,79.05
2024-08-05 15:00:00,rooftop_solar,4.4
2024-08-05 15:00:00,microgrid,1.39
2024-08-05 15:00:00,community_energy,2.67
2024-08-05 16:00:00,solar,5.02
2024-08-05 16:00:00,wind,17.03
2024-08-05 16:00:00,hydropower,15.1
2024-08-05 16:00:00,fossil_fuel,101.39
2024-08-05 16:00:00,nuclear,80.99
2024-08-05 16:00:00,rooftop_solar,3.25
2024-08-05 16:00:00,microgrid,1.25
2024-08-05 16:00:00,community_energy,2.28
2024-08-05 17:00:00,solar,9.85
2024-08-05 17:00:00,wind,15.33
2024-08-05 17:00:00,hydropower,14.4
2024-08-05 17:00:00,fossil_fuel,97.72
2024-08-05 17:00:00,nuclear,79.25
2024-08-05 17:00:00,rooftop_solar,3.66
2024-08-05 17:00:00,microgrid,2.32
2024-08-05 17:00:00,community_energy,3.71
2024-08-05 18:00:00,solar,9.63
2024-08-05 18:00:00,wind,13.46
2024-08-05 18:00:00,hydropower,16.15
2024-08-05 18:00:00,fossil_fuel,100.5
2024-08-05 18:00:00,nuclear,78.95
2024-08-05 18:00:00,rooftop_solar,5.09
2024-08-05 18:00:00,microgrid,2.31
2024-08-05 18:00:00,community_energy,3.38
2024-08-05 19:00:00,solar,0.0
2024-08-05 19:00:00,wind,13.96
2024-08-05 19:00:00,hydropower,15.54
2024-08-05 19:00:00,fossil_fuel,96.1
2024-08-05 19:00:00,nuclear,80.36
2024-08-05 19:00:00,rooftop_solar,0.0
2024-08-05 19:00:00,microgrid,1.91
2024-08-05 19:00:00,community_energy,2.48
2024-08-05 20:00:00,solar,0.0
2024-08-05 20:00:00,wind,10.49
2024-08-05 20:00:00,hydropower,15.44
2024-08-05 20:00:00,fossil_fuel,104.17
2024-08-05 20:00:00,nuclear,80.74
2024-08-05 20:00:00,rooftop_solar,0.0
2024-08-05 20:00:00,microgrid,1.46
2024-08-05 20:00:00,community_energy,2.82
2024-08-05 21:00:00,solar,0.0
2024-08-05 21:00:00,wind,11.16
2024-08-05 21:00:00,hydropower,16.08
2024-08-05 21:00:00,fossil_fuel,97.73
2024-08-05 21:00:00,nuclear,80.25
2024-08-05 21:00:00,rooftop_solar,0.0
2024-08-05 21:00:00,microgrid,2.34
2024-08-05 21:00:00,community_energy,2.6
2024-08-05 22:00:00,solar,0.0
2024-08-05 22:00:00,wind,11.31
2024-08-05 22:00:00,hydropower,16.31
2024-08-05 22:00:00,fossil_fuel,101.1
2024-08-05 22:00:00,nuclear,78.67
2024-08-05 22:00:00,rooftop_solar,0.0
2024-08-05 22:00:00,microgrid,1.67
2024-08-05 22:00:00,community_energy,3.43
2024-08-05 23:00:00,solar,0.0
2024-08-05 23:00:00,wind,19.23
2024-08-05 23:00:00,hydropower,14.14
2024-08-05 23:00:00,fossil_fuel,95.93
2024-08-05 23:00:00,nuclear,79.44
2024-08-05 23:00:00,rooftop_solar,0.0
2024-08-05 23:00:00,microgrid,1.76
2024-08-05 23:00:00,community_energy,3.6
2024-08-06 00:00:00,solar,0.0
2024-08-06 00:00:00,wind,15.51
2024-08-06 00:00:00,hydropower,14.35
2024-08-06 00:00:00,fossil_fuel,103.0
2024-08-06 00:00:00,nuclear,81.26
2024-08-06 00:00:00,rooftop_solar,0.0
2024-08-06 00:00:00,microgrid,2.13
2024-08-06 00:00:00,community_energy,2.47
2024-08-06 01:00:00,solar,0.0
2024-08-06 01:00:00,wind,19.71
2024-08-06 01:00:00,hydropower,14.35
2024-08-06 01:00:00,fossil_fuel,104.02
2024-08-06 01:00:00,nuclear,78.87
2024-08-06 01:00:00,rooftop_solar,0.0
2024-08-06 01:00:00,microgrid,1.48
2024-08-06 01:00:00,community_energy,3.57
2024-08-06 02:00:00,solar,0.0
2024-08-06 02:00:00,wind,12.99
2024-08-06 02:00:00,hydropower,14.17
2024-08-06 02:00:00,fossil_fuel,100.04
2024-08-06 02:00:00,nuclear,78.92
2024-08-06 02:00:00,rooftop_solar,0.0
2024-08-06 02:00:00,microgrid,1.59
2024-08-06 02:00:00,community_energy,2.77
2024-08-06 03:00:00,solar,0.0
2024-08-06 03:00:00,wind,19.44
2024-08-06 03:00:00,hydropower,15.35
2024-08-06 03:00:00,fossil_fuel,102.68
2024-08-06 03:00:00,nuclear,79.05
2024-08-06 03:00:00,rooftop_solar,0.0
2024-08-06 03:00:00,microgrid,2.41
2024-08-06 03:00:00,community_energy,3.7
2024-08-06 04:00:00,solar,0.0
2024-08-06 04:00:00,wind,17.28
2024-08-06 04:00:00,hydropower,15.17
2024-08-06 04:00:00,fossil_fuel,102.43
2024-08-06 04:00:00,nuclear,80.33
2024-08-06 04:00:00,rooftop_solar,0.0
2024-08-06 04:00:00,microgrid,1.39
2024-08-06 04:00:00,community_energy,3.61
2024-08-06 05:00:00,solar,0.0
2024-08-06 05:00:00,wind,21.22
2024-08-06 05:00:00,hydropower,15.13
2024-08-06 05:00:00,fossil_fuel,103.5
2024-08-06 05:00:00,nuclear,78.6
2024-08-06 05:00:00,rooftop_solar,0.0
2024-08-06 05:00:00,microgrid,1.65
2024-08-06 05:00:00,community_energy,3.17
2024-08-06 06:00:00,solar,11.6
2024-08-06 06:00:00,wind,16.48
2024-08-06 06:00:00,hydropower,13.62
2024-08-06 06:00:00,fossil_fuel,100.21
2024-08-06 06:00:00,nuclear,80.15
2024-08-06 06:00:00,rooftop_solar,4.09
2024-08-06 06:00:00,microgrid,1.37
2024-08-06 06:00:00,community_energy,3.71
2024-08-06 07:00:00,solar,10.19
2024-08-06 07:00:00,wind,15.55
2024-08-06 07:00:00,hydropower,16.29
2024-08-06 07:00:00,fossil_fuel,102.22
2024-08-06 07:00:00,nuclear,80.86
2024-08-06 07:00:00,rooftop_solar,3.66
2024-08-06 07:00:00,microgrid,2.03
2024-08-06 07:00:00,community_energy,2.41
2024-08-06 08:00:00,solar,4.83
2024-08-06 08:00:00,wind,17.5
2024-08-06 08:00:00,hydropower,15.34
2024-08-06 08:00:00,fossil_fuel,96.62
2024-08-06 08:00:00,nuclear,80.77
2024-08-06 08:00:00,rooftop_solar,1.93
2024-08-06 08:00:00,microgrid,2.53
2024-08-06 08:00:00,community_energy,3.46
2024-08-06 09:00:00,solar,4.03
2024-08-06 09:00:00,wind,14.3
2024-08-06 09:00:00,hydropower,13.67
2024-08-06 09:00:00,fossil_fuel,102.93
2024-08-06 09:00:00,nuclear,80.83
2024-08-06 09:00:00,rooftop_solar,3.18
2024-08-06 09:00:00,microgrid,2.16
2024-08-06 09:00:00,community_energy,3.66
2024-08-06 10:00:00,solar,5.56
2024-08-06 10:00:00,wind,17.96
2024-08-06 10:00:00,hydropower,14.84
2024-08-06 10:00:00,fossil_fuel,102.8
2024-08-06 10:00:00,nuclear,81.14
2024-08-06 10:00:00,rooftop_solar,1.98
2024-08-06 10:00:00,microgrid,2.77
2024-08-06 10:00:00,community_energy,2.3
2024-08-06 11:00:00,solar,11.81
2024-08-06 11:00:00,wind,16.73
2024-08-06 11:00:00,hydropower,15.64
2024-08-06 11:00:00,fossil_fuel,101.74
2024-08-06 11:00:00,nuclear,79.87
2024-08-06 11:00:00,rooftop_solar,5.08
2024-08-06 11:00:00,microgrid,1.97
2024-08-06 11:00:00,community_energy,3.3
2024-08-06 12:00:00,solar,10.56
2024-08-06 12:00:00,wind,19.63
2024-08-06 12:00:00,hydropower,13.56
2024-08-06 12:00:00,fossil_fuel,101.83
2024-08-06 12:00:00,nuclear,78.66
2024-08-06 12:00:00,rooftop_solar,5.16
2024-08-06 12:00:00,microgrid,2.35
2024-08-06 12:00:00,community_energy,2.36
2024-08-06 13:00:00,solar,4.17
2024-08-06 13:00:00,wind,17.96
2024-08-06 13:00:00,hydropower,15.69
2024-08-06 13:00:00,fossil_fuel,95.15
2024-08-06 13:00:00,nuclear,81.49
2024-08-06 13:00:00,rooftop_solar,2.21
2024-08-06 13:00:00,microgrid,2.04
2024-08-06 13:00:00,community_energy,3.64
2024-08-06 14:00:00,solar,8.57
2024-08-06 14:00:00,wind,16.5
2024-08-06 14:00:00,hydropower,15.29
2024-08-06 14:00:00,fossil_fuel,96.09
2024-08-06 14:00:00,nuclear,78.46
2024-08-06 14:00:00,rooftop_solar,6.48
2024-08-06 14:00:00,microgrid,1.81
2024-08-06 14:00:00,community_energy,2.79
2024-08-06 15:00:00,solar,10.31
2024-08-06 15:00:00,wind,14.29
2024-08-06 15:00:00,hydropower,15.11
2024-08-06 15:00:00,fossil_fuel,103.32
2024-08-06 15:00:00,nuclear,78.73
2024-08-06 15:00:00,rooftop_solar,4.87
2024-08-06 15:00:00,microgrid,1.67
2024-08-06 15:00:00,community_energy,2.29
2024-08-06 16:00:00,solar,8.08
2024-08-06 16:00:00,wind,15.96
2024-08-06 16:00:00,hydropower,14.55
2024-08-06 16:00:00,fossil_fuel,99.66
2024-08-06 16:00:00,nuclear,78.86
2024-08-06 16:00:00,rooftop_solar,3.91
2024-08-06 16:00:00,microgrid,2.6
2024-08-06 16:00:00,community_energy,2.69
2024-08-06 17:00:00,solar,11.73
2024-08-06 17:00:00,wind,22.0
2024-08-06 17:00:00,hydropower,15.94
2024-08-06 17:00:00,fossil_fuel,101.33
2024-08-06 17:00:00,nuclear,79.8
2024-08-06 17:00:00,rooftop_solar,4.22
2024-08-06 17:00:00,microgrid,1.36
2024-08-06 17:00:00,community_energy,3.64
2024-08-06 18:00:00,solar,8.35
2024-08-06 18:00:00,wind,18.68
2024-08-06 18:00:00,hydropower,15.63
2024-08-06 18:00:00,fossil_fuel,100.83
2024-08-06 18:00:00,nuclear,80.23
2024-08-06 18:00:00,rooftop_solar,5.51
2024-08-06 18:00:00,microgrid,2.58
2024-08-06 18:00:00,community_energy,3.72
2024-08-06 19:00:00,solar,0.0
2024-08-06 19:00:00,wind,19.01
2024-08-06 19:00:00,hydropower,15.57
2024-08-06 19:00:00,fossil_fuel,95.43
2024-08-06 19:00:00,nuclear,81.57
2024-08-06 19:00:00,rooftop_solar,0.0
2024-08-06 19:00:00,microgrid,1.35
2024-08-06 19:00:00,community_energy,3.09
2024-08-06 20:00:00,solar,0.0
2024-08-06 20:00:00,wind,25.27
2024-08-06 20:00:00,hydropower,14.83
2024-08-06 20:00:00,fossil_fuel,101.69
2024-08-06 20:00:00,nuclear,80.45
2024-08-06 20:00:00,rooftop_solar,0.0
2024-08-06 20:00:00,microgrid,1.22
2024-08-06 20:00:00,community_energy,2.72
2024-08-06 21:00:00,solar,0.0
2024-08-06 21:00:00,wind,15.58
2024-08-06 21:00:00,hydropower,15.51
2024-08-06 21:00:00,fossil_fuel,96.54
2024-08-06 21:00:00,nuclear,80.26
2024-08-06 21:00:00,rooftop_solar,0.0
2024-08-06 21:00:00,microgrid,2.34
2024-08-06 21:00:00,community_energy,2.71
2024-08-06 22:00:00,solar,0.0
2024-08-06 22:00:00,wind,15.58
2024-08-06 22:00:00,hydropower,13.64
2024-08-06 22:00:00,fossil_fuel,96.13
2024-08-06 22:00:00,nuclear,80.86
2024-08-06 22:00:00,rooftop_solar,0.0
2024-08-06 22:00:00,microgrid,1.27
2024-08-06 22:00:00,community_energy,2.63
2024-08-06 23:00:00,solar,0.0
2024-08-06 23:00:00,wind,23.07
2024-08-06 23:00:00,hydropower,14.16
2024-08-06 23:00:00,fossil_fuel,100.79
2024-08-06 23:00:00,nuclear,80.47
2024-08-06 23:00:00,rooftop_solar,0.0
2024-08-06 23:00:00,microgrid,2.51
2024-08-06 23:00:00,community_energy,2.97
2024-08-07 00:00:00,solar,0.0
2024-08-07 00:00:00,wind,9.92
2024-08-07 00:00:00,hydropower,15.95
2024-08-07 00:00:00,fossil_fuel,102.42
2024-08-07 00:00:00,nuclear,79.25
2024-08-07 00:00:00,rooftop_solar,0.0
2024-08-07 00:00:00,microgrid,1.51
2024-08-07 00:00:00,community_energy,2.92
